xaxis,0,StdDev,431,StdDev,862,StdDev,1293,StdDev,1724,StdDev,2155,StdDev,2586,StdDev,3017,StdDev,3448,StdDev,3879,StdDev,4311,StdDev,4742,StdDev,5173,StdDev,5604,StdDev,6035,StdDev,6466,StdDev,6897,StdDev,7328,StdDev,7759,StdDev,8191,StdDev
1.0,0.965475,0.0060621262771407254,0.965725,0.006484548943450121,0.9749500000000001,0.0062886803067098325,0.962275,0.0066105502796665935,0.9658999999999999,0.008708616422830905,0.9687249999999998,0.00688108821335696,0.93835,0.030228752868750625,0.9481249999999999,0.032689591233296254,0.9534749999999999,0.03195777487560734,0.9520500000000001,0.016475663871298167,0.963775,0.01368847599260049,0.943975,0.01725758891038951,0.9476749999999999,0.018166435396081405,0.93535,0.03595104310030516,0.9145,0.04576516142219974,0.934525,0.028712355789798912,0.93395,0.03677631710761695,0.91645,0.038384208992761584,0.934975,0.02999540589823713,0.9356750000000001,0.029576500384595864
4.0,0.9569749999999999,0.007019570855828729,0.95235,0.007209542287829364,0.959325,0.007537862760756533,0.94765,0.01442142503360883,0.9526749999999999,0.014656717743069201,0.9420250000000001,0.015332135369869363,0.855475,0.05906521290065752,0.83605,0.08088385191124368,0.839325,0.07430019767806813,0.9162499999999998,0.035481509268913566,0.916375,0.05041759985362254,0.8380500000000002,0.06505803178701305,0.8883000000000001,0.05784384150451974,0.7766,0.1011033629509919,0.8211000000000002,0.07763208099748455,0.8515499999999999,0.05517832454868489,0.851075,0.06417179579067427,0.838925,0.07464127125793077,0.804125,0.08252641622535174,0.8026,0.06774503671856706
8.0,0.9438749999999999,0.010512343934632247,0.9314500000000001,0.012136618145101185,0.947125,0.008809618323173809,0.922625,0.015489815202254656,0.931,0.012326800071389133,0.9035500000000001,0.02416604022176576,0.767275,0.08332886279675247,0.71765,0.08319090996016332,0.7372,0.08856274611821835,0.87585,0.03737281766203882,0.7467750000000001,0.07033188732715766,0.7410500000000001,0.07759379807690818,0.731825,0.08582770167609056,0.7964249999999999,0.07725117717549682,0.811375,0.06435514256840708,0.7823249999999999,0.08832592696937859,0.72775,0.10936149916675429,0.7333000000000001,0.07720174868485817,0.701,0.11074136535188646,0.683925,0.10660895541651273
12.0,0.9392499999999998,0.009541357345786778,0.918825,0.012994013044475514,0.9335000000000001,0.009107689059250952,0.909825,0.01684174501053855,0.8927500000000002,0.027359413370904008,0.8878250000000001,0.027995434895711144,0.6549250000000001,0.07938431441412087,0.689075,0.08703228926668538,0.6434249999999999,0.08824338147985944,0.8270499999999998,0.04836835225640832,0.673975,0.07344810668083963,0.660575,0.08838463879543774,0.6249,0.09298489124583628,0.72385,0.08252834361599655,0.695025,0.09683555325912069,0.6887749999999999,0.09772397031946665,0.647475,0.07651306669451959,0.6196,0.08395885897271355,0.6491250000000001,0.09771775363259226,0.602525,0.09304944586078952
16.0,0.9345749999999999,0.01298631491224509,0.911425,0.011947567744105922,0.9221999999999999,0.013876599006961308,0.9041250000000002,0.014353026684292076,0.8562000000000001,0.028474725635201478,0.847075,0.036872338887030204,0.6199250000000001,0.08227678515231376,0.82125,0.04363928849099169,0.5879,0.07765107855013992,0.7674749999999999,0.09311041496524435,0.669825,0.10430864956943886,0.64605,0.1027786334799213,0.5926,0.07826007922306238,0.565525,0.08595463556434871,0.657775,0.0925160763056886,0.6148,0.1053333280590716,0.5943,0.06961257070386066,0.54945,0.0768732560777804,0.55865,0.08156394730516664,0.55805,0.08115415885831115
19.0,0.9067250000000001,0.016048344930241258,0.91015,0.012350202427490825,0.9129999999999999,0.01300576795118228,0.8994499999999999,0.015384976438071019,0.8619999999999999,0.027659537234017505,0.8265499999999999,0.029614143580390755,0.618575,0.08077155672017224,0.7568750000000001,0.09886763562966398,0.7233499999999999,0.11861693597459005,0.6131249999999999,0.11798584396019718,0.7391500000000001,0.053689174886563495,0.720925,0.06922874673862009,0.623175,0.09424061955972063,0.5535,0.07417883795261287,0.6119999999999999,0.08924740892597387,0.608,0.07705030824078513,0.5784,0.06732339860702222,0.541075,0.06786324023357565,0.5565249999999999,0.07805382357706764,0.5475,0.08372932580643415
23.0,0.886425,0.018280983972423382,0.90015,0.018978342920286814,0.8996999999999999,0.01695759416898519,0.8523,0.025825568725586674,0.8104500000000001,0.026094970779826504,0.810075,0.04087932698809998,0.562725,0.0728409182740031,0.5843,0.06633709369575969,0.75505,0.09336727210323754,0.71685,0.060485349465800406,0.687075,0.049570852070546456,0.660325,0.07305148441339163,0.5429999999999999,0.06151300675466937,0.635625,0.07487746239690553,0.520175,0.07327922198686337,0.549175,0.07328877386748942,0.5317000000000001,0.08778473671430587,0.515325,0.058521956349732535,0.49932499999999996,0.07122969447498705,0.48565,0.0681104066938379
27.0,0.880625,0.014884030872045394,0.86635,0.02459730676313975,0.892775,0.01813351524112191,0.8093250000000001,0.034881504769720004,0.796475,0.030814759044977116,0.816475,0.03405362499059386,0.5586,0.06569771685530632,0.5378499999999999,0.06892153146876526,0.6149000000000001,0.1202806717640037,0.614975,0.09409821664091196,0.678875,0.0633210816000485,0.55105,0.07526750626930588,0.535275,0.06706600759699358,0.5337999999999999,0.07397303562785564,0.5342,0.08014274764443755,0.529125,0.06892792884600552,0.5348750000000001,0.07946451645231348,0.5193749999999999,0.0708486723587676,0.518075,0.07885695514664512,0.47729999999999995,0.058420116398377714
31.0,0.8528500000000001,0.019042780784328753,0.84405,0.02324537588424846,0.872475,0.017376690565237114,0.79545,0.04018267661567605,0.767775,0.037875775569617055,0.794425,0.028661723168714046,0.532275,0.05162799022816983,0.532025,0.05026504128119263,0.7043250000000001,0.057302001492094495,0.5237,0.05546043634880634,0.618175,0.07063316766930391,0.5918,0.06611815181929996,0.49115000000000003,0.06828929271855141,0.479,0.04949242366261729,0.5255750000000001,0.0844416625546892,0.497375,0.06630749863326169,0.49855,0.062079364526386696,0.483925,0.04184996266426053,0.481775,0.0712423636258652,0.467375,0.05791661570741164
35.0,0.8428749999999999,0.01595021551578536,0.8513,0.022307173734025576,0.8635999999999999,0.021578693194908734,0.799,0.05085076203952109,0.749725,0.039251106672296525,0.7612249999999999,0.034087745231974505,0.533175,0.07084944865699379,0.596525,0.08105676637394314,0.6643,0.0609644158505599,0.574625,0.0833749625187322,0.5290250000000001,0.03997029365666457,0.558975,0.07387641284604986,0.4928749999999999,0.05849281472967427,0.46869999999999995,0.04110243301801002,0.5050250000000001,0.07198419531397153,0.50785,0.06398888575369945,0.4604749999999999,0.0722139139986194,0.47832500000000006,0.050553628702596616,0.47907500000000003,0.06095670082115665,0.45532500000000004,0.06533505471796898
38.0,0.8359749999999998,0.022121807679301424,0.8567750000000001,0.025371723926450096,0.8318999999999999,0.025752475609152604,0.8347999999999999,0.023004564764411425,0.7471249999999999,0.04219015732371711,0.771325,0.03437978148563484,0.523825,0.05772343003495201,0.496575,0.04212356080627562,0.6658999999999999,0.06766454019647218,0.61955,0.06730971326636297,0.5276,0.0761540543897697,0.49315,0.04217555571655222,0.498925,0.05590589749749126,0.528925,0.07262037851044292,0.499625,0.06532024475612441,0.47322500000000006,0.05748151333254893,0.472125,0.04675264029977345,0.462125,0.050615801633482005,0.49000000000000005,0.055570675720203376,0.44745,0.06099588100847467
42.0,0.8300999999999998,0.01742670364698957,0.83735,0.024598323113578277,0.8182500000000001,0.021886925320839357,0.80425,0.03890292405462601,0.73135,0.04152141013983027,0.73195,0.028153996163955135,0.4824250000000001,0.03465175861338065,0.530525,0.08391751530520908,0.657975,0.0500951532086688,0.580975,0.06623801306651643,0.5784,0.061947074184339014,0.49407499999999993,0.05210680737677179,0.5078,0.061841410074480026,0.514475,0.068706254264077,0.492075,0.06719426593839686,0.4816000000000001,0.055057606195692894,0.46624999999999994,0.047663796533637566,0.47364999999999996,0.06664553623461965,0.45577499999999993,0.05546236899916916,0.450575,0.051653599826149595
46.0,0.82785,0.018948021004843742,0.8525500000000001,0.02159739567633099,0.8039750000000001,0.020777978125890856,0.80625,0.040371865203381416,0.7422,0.034888536799355746,0.7089749999999999,0.0482501230568379,0.5122500000000001,0.0769076556657398,0.51805,0.07662961242235276,0.610675,0.056912383318571354,0.6040249999999999,0.05181384346871017,0.561325,0.057943242703528415,0.493375,0.04478263474830395,0.47705000000000003,0.0431775115077282,0.49762499999999993,0.061648068704542563,0.47775,0.05668630787059605,0.46362499999999995,0.04908446164520906,0.4624,0.04861522395299646,0.44117500000000004,0.04563654648415018,0.44902499999999995,0.05724879365541252,0.453125,0.06592919971454227
50.0,0.811825,0.020960543289714577,0.8160999999999999,0.024962772281940136,0.783525,0.023190501827256786,0.808425,0.03134636143159201,0.74485,0.03421004969303612,0.734425,0.04136900258647772,0.665675,0.04109646426397287,0.64545,0.052784443731084256,0.561025,0.08978181539153685,0.5192499999999999,0.06169835897331468,0.5394249999999999,0.06780851255557814,0.49042499999999994,0.04584696691167259,0.49312500000000004,0.03375736030853124,0.48362499999999997,0.05516687751722042,0.47162500000000007,0.05975813229176427,0.48135000000000006,0.052019010947921725,0.450025,0.051967531931004764,0.46335,0.059106069908259,0.43537499999999996,0.04503037169511263,0.45372500000000004,0.05972436165418597
53.0,0.818675,0.027471246331391645,0.8254750000000002,0.0319960837447335,0.7676999999999999,0.01975626482916244,0.79015,0.025858799276068475,0.746875,0.02773462411859949,0.709975,0.03906116197708409,0.6496500000000001,0.04172442330338433,0.6357,0.046515158819464435,0.587325,0.06282093102621132,0.5384249999999999,0.06528854704310703,0.492525,0.05243709922373662,0.4723,0.04855419652306071,0.477475,0.05134880110577071,0.48095,0.0569819927696461,0.459725,0.04733549804322334,0.46857499999999996,0.060736680638638796,0.44552499999999995,0.044626778676037114,0.42345000000000005,0.05570051615559769,0.439275,0.045793551674881035,0.442025,0.05674658029344148
57.0,0.8421249999999999,0.01926679462183578,0.798875,0.03458481422532148,0.777825,0.02642147564009248,0.78155,0.024802167244013174,0.7232000000000001,0.03650903997642228,0.7036999999999999,0.027695848064285725,0.638075,0.04289719542114614,0.5742,0.05381551820804106,0.5807249999999999,0.06224949296982264,0.4843,0.05264228338512683,0.47555,0.04471741830651676,0.49315,0.0548185871762489,0.48315,0.06942173650954,0.49317500000000003,0.05929455603173027,0.4534750000000001,0.04651665696285579,0.46315000000000006,0.07076317898455382,0.44772500000000004,0.0510382148492676,0.43949999999999995,0.05203604519945765,0.4413,0.05489817847615712,0.42595,0.06141007653471864
61.0,0.8280999999999998,0.018125672401320708,0.74355,0.032062400097310255,0.76105,0.021903139044438375,0.71745,0.039852195673513405,0.694975,0.04186495401884492,0.672775,0.033842641371500524,0.6346999999999999,0.053276730380157525,0.51845,0.060563169500943384,0.5479499999999999,0.0540813969863945,0.523125,0.06517253543479799,0.49015000000000003,0.059683980262713716,0.48237500000000005,0.04409177219164592,0.5020749999999999,0.0511968688007382,0.47277499999999995,0.06103379698986455,0.449625,0.04841935950629666,0.457,0.05286586800573694,0.42627499999999996,0.0599908274238654,0.442025,0.0475297209648868,0.42910000000000004,0.04559703937757363,0.44327500000000003,0.04605213757253837
65.0,0.811225,0.036133424623193404,0.770425,0.026276308245261563,0.7551,0.02602479586855583,0.6859500000000001,0.03390055309283315,0.7201000000000001,0.042829779359693176,0.661625,0.036471692790436806,0.640725,0.05722979446931467,0.502475,0.031172894876799633,0.583175,0.04196182044430388,0.5257250000000001,0.04330530423631728,0.512475,0.06014856087222702,0.487475,0.06312922758120837,0.48655,0.0591709176876614,0.4583500000000001,0.06303512909481505,0.465975,0.06101290334839018,0.45949999999999996,0.050901866370497664,0.43585,0.06057291061192289,0.4212999999999999,0.05404821921210725,0.4196250000000001,0.05359976096028788,0.4224,0.05022588973826149
69.0,0.753025,0.0219527760203579,0.7586,0.026384465126282192,0.765325,0.0379739302021795,0.6942499999999999,0.030582470469208322,0.68995,0.04913550142208788,0.6532,0.03384907679686405,0.621575,0.028453371944288097,0.50625,0.043989629459680615,0.537375,0.06753431997880781,0.49115000000000003,0.06046178545163879,0.472625,0.04101748864813643,0.507725,0.05324471217876945,0.46907499999999996,0.056511674678777664,0.46782499999999994,0.05653975924073253,0.44994999999999996,0.05447520077980438,0.45890000000000003,0.043633015023030436,0.43122499999999997,0.04066785432008923,0.42269999999999996,0.0439,0.43179999999999996,0.044348731661683405,0.42965,0.05826900977363525
72.0,0.74515,0.025184866487635012,0.7457,0.025857494078119807,0.774475,0.03081151367589721,0.722475,0.05395089781458694,0.6931749999999999,0.03607830892655584,0.6598499999999999,0.036186703359106925,0.606975,0.059631571964857674,0.5663500000000001,0.052704150690434236,0.5224249999999999,0.06463392588261987,0.487275,0.05139114101671609,0.47104999999999997,0.040751656408052915,0.50065,0.05623902115079885,0.44935,0.038595045018758566,0.469475,0.053945800346273484,0.4490499999999999,0.04973175544860648,0.43224999999999997,0.04416262560129323,0.44045000000000006,0.04454096429131278,0.42234999999999995,0.045467873273334444,0.4488,0.06787164356342051,0.434075,0.05938366252598437
76.0,0.7668,0.02246241304935872,0.753225,0.027547674584254857,0.7372,0.031473957488692146,0.7404249999999999,0.032109879710145305,0.621725,0.03277879459345632,0.6623,0.03570658202628753,0.534225,0.06818045449393836,0.52315,0.058799468535013125,0.551925,0.050077134253070026,0.47300000000000003,0.03573093897450779,0.47627500000000006,0.04493884038334769,0.47974999999999995,0.055791016301910114,0.45085,0.047700917181957826,0.4604500000000001,0.04159684483227063,0.45542499999999997,0.05229956381271263,0.43605,0.057379417041304975,0.42642500000000005,0.058290173914648774,0.442525,0.05114977394866961,0.4381500000000001,0.05043488376114295,0.41165,0.04925878094309684
80.0,0.74045,0.02429295165269137,0.7318,0.029210614509112956,0.707325,0.027178472639204716,0.6615500000000001,0.041251636331180855,0.6190749999999999,0.03373306056378521,0.64305,0.03967993825600035,0.597575,0.04840965167195484,0.490625,0.04722588670422187,0.549975,0.050103636345079784,0.48317499999999997,0.042188201846013774,0.47334999999999994,0.05013808432718586,0.47177500000000006,0.05683066403799977,0.45672499999999994,0.05729091878299737,0.458325,0.05498335543598626,0.45085,0.048773225236803844,0.42989999999999995,0.04633508389978376,0.443025,0.06304422554841958,0.418975,0.046714819650727546,0.42927499999999996,0.03524839535354766,0.414325,0.0592551210867044
84.0,0.7976,0.014884219831754694,0.7167999999999999,0.03141353211595283,0.7090249999999999,0.025626634094238737,0.643525,0.060547909749222556,0.615625,0.036000477427389786,0.6352249999999999,0.043549677094095664,0.49967500000000004,0.05279791070676944,0.563175,0.04526692363083667,0.48595,0.04004744061734782,0.49260000000000004,0.04198380640199267,0.48402500000000004,0.04557822259588454,0.46595,0.03869686679823058,0.463525,0.057318403458226225,0.46005,0.05111650907485761,0.45557499999999995,0.040184504165162976,0.434875,0.036254094596334906,0.4423,0.05065086376361218,0.42869999999999997,0.06394419441982205,0.423325,0.04873724833225611,0.40527499999999994,0.046417123726056095
88.0,0.796825,0.01781416220314611,0.7340500000000001,0.048301630407264734,0.7325250000000001,0.02867314728103632,0.6133749999999999,0.036169522736690905,0.603375,0.037926697391151794,0.584175,0.045797864306100576,0.48735,0.03706180648592295,0.5471999999999999,0.03687831341045844,0.5107250000000001,0.04586337727424792,0.45779999999999993,0.030154767450603897,0.47404999999999997,0.046522548296498115,0.479875,0.054001475674281346,0.459375,0.05128239829610157,0.44994999999999996,0.051327843321144914,0.45182500000000003,0.04359982081385198,0.427725,0.043602745039733444,0.42787500000000006,0.05457022425279192,0.41412499999999997,0.054320892619691,0.41690000000000005,0.04505097113270701,0.41195000000000004,0.047828835444739815
91.0,0.78225,0.02146596142733887,0.750375,0.02738675546683106,0.683775,0.03169581005432735,0.630725,0.04319026944810602,0.669425,0.029974061703412828,0.570875,0.03624305968044088,0.49115000000000003,0.035400953376992554,0.47565,0.03197385650809111,0.47462499999999996,0.04388432949242817,0.463225,0.04136573914485272,0.46637500000000004,0.04868813382129161,0.47247500000000003,0.05359663585524749,0.45599999999999996,0.05080698770838516,0.4649,0.06289427636915779,0.434025,0.03529482079569183,0.428125,0.03656992445986182,0.4337,0.04192207055955133,0.42642500000000005,0.040572704802613296,0.43079999999999996,0.04446245607251133,0.40962499999999996,0.06257862554419041
95.0,0.7858499999999999,0.017788409147531988,0.711275,0.04087847080065495,0.69495,0.03264272507006728,0.61295,0.043515485749328384,0.601375,0.04657718728089965,0.56515,0.03716486916430622,0.49559999999999993,0.036856342737716125,0.541275,0.059670339156066475,0.5182249999999999,0.044956360784654266,0.4750500000000001,0.036423172569121434,0.476225,0.06182575818378615,0.4606,0.05466479671598532,0.45475000000000004,0.04426101557804566,0.45145,0.06605185462952574,0.437175,0.04825395709162099,0.43065,0.05015702842075077,0.437,0.051931685895992244,0.41695000000000004,0.052668277928939355,0.41434999999999994,0.049188692806375736,0.40104999999999996,0.05551123760104796
99.0,0.7750250000000001,0.02318349358918971,0.6935999999999999,0.02952778352670581,0.6767000000000001,0.03176255657216527,0.622075,0.045573230903678534,0.5744,0.030995806167931805,0.560575,0.035298645512257254,0.55915,0.04239254061742466,0.477475,0.034248348500329186,0.506075,0.05356556146443347,0.476,0.040208829876035926,0.478725,0.059627589042321676,0.48769999999999997,0.04895263016427207,0.456175,0.05566636664090805,0.4447500000000001,0.06603663755825248,0.43257500000000004,0.04110163469985105,0.43624999999999997,0.04930200300190653,0.4311999999999999,0.04312899256880458,0.4314,0.049369930119456326,0.43545,0.058151074796602004,0.40865,0.05752718922387918
103.0,0.75685,0.032458088360222334,0.6822250000000001,0.0279798923336027,0.6709250000000001,0.03973310175407905,0.650925,0.03324634378394112,0.5597749999999999,0.03370570241071975,0.5852999999999999,0.03646381768273859,0.51425,0.059420429988346596,0.47264999999999996,0.03147502978553,0.509225,0.04514835960475197,0.4645250000000001,0.0418216376412976,0.48587500000000006,0.03864594901150702,0.46340000000000003,0.05847768805279498,0.44787499999999997,0.04421605336300381,0.44037499999999996,0.05010623089995894,0.4369249999999999,0.03653928536520658,0.43137499999999995,0.056797309575366335,0.4215,0.04913145631873739,0.408225,0.05469071561974665,0.42337500000000006,0.04737493403689339,0.40482499999999993,0.04916039437392666
106.0,0.702225,0.019712289948151617,0.67785,0.027364712678922817,0.7097749999999999,0.04203539431241248,0.58705,0.033499216408746035,0.565825,0.03381115755190879,0.5713,0.033527004041518524,0.54935,0.05057744062326601,0.47735000000000005,0.033365064064077576,0.4847,0.04236401775091688,0.46240000000000003,0.03260736113211248,0.4631,0.05788903177632185,0.4668,0.05011047794623396,0.46445,0.04867799811002914,0.44279999999999997,0.03231655922278856,0.43134999999999996,0.04384948688411302,0.42262500000000003,0.040613844622246736,0.42375000000000007,0.05619152516171812,0.42219999999999996,0.046411313275967536,0.40437500000000004,0.04523863807631702,0.3988,0.055487476064423766
110.0,0.7217,0.027883866302935822,0.665,0.02923867302050487,0.67415,0.034639969688208434,0.5715749999999999,0.033129207279981795,0.57045,0.041992826768389856,0.5730000000000001,0.034513041013506746,0.522425,0.05879961203103298,0.47915,0.028984090463562942,0.484375,0.04306720765269093,0.47202500000000003,0.034143438242215746,0.46155000000000007,0.04458584416605791,0.4577,0.0470059570692907,0.438325,0.04051751935891436,0.45039999999999997,0.049665279622690135,0.43747499999999995,0.05090677140616953,0.43542500000000006,0.04643268649346062,0.40955,0.03836075468496416,0.40722500000000006,0.044762421460417,0.40507499999999996,0.04426815305611925,0.40280000000000005,0.0516421339605559
114.0,0.7402749999999999,0.02651130655022495,0.6484500000000001,0.034849641318096806,0.70985,0.02879457414166773,0.5823,0.03132506983232439,0.6141,0.04200523776864025,0.5727249999999999,0.03250075960650764,0.4986499999999999,0.036749523806438644,0.4961499999999999,0.04170704376960803,0.5040250000000001,0.045172717153166696,0.4686,0.03926754384985137,0.47022499999999995,0.04153341275407067,0.4606,0.04652461713974657,0.44742499999999996,0.037217527792694674,0.4600249999999999,0.05143077264634472,0.44414999999999993,0.059283872174479293,0.42684999999999995,0.057974369336802625,0.42102500000000004,0.04534505899213276,0.424125,0.04342705809745809,0.40555,0.05493357352293768,0.3923,0.05184891512847689
118.0,0.7474500000000001,0.019345477507676068,0.641275,0.027360544128361204,0.67945,0.033345127080279646,0.577225,0.033632935866498466,0.59755,0.038544746723775475,0.56935,0.03149646805595826,0.5143000000000001,0.03999262431999181,0.5203749999999999,0.04431911974531985,0.499,0.05363580893395755,0.477825,0.04413212407079451,0.472175,0.036337919244227516,0.44972499999999993,0.05190615931659749,0.4462250000000001,0.046466916994782434,0.43752500000000005,0.04876063345568841,0.43557499999999993,0.043710918258485484,0.42182499999999995,0.04256224118864043,0.42164999999999997,0.04422473855208191,0.404275,0.049067803853443455,0.4056749999999999,0.04651149723455481,0.40750000000000003,0.05060533568705972
122.0,0.733725,0.023351646087588777,0.66745,0.04124315094655111,0.6383000000000001,0.029031190123727287,0.619525,0.03486329552695787,0.583275,0.029153033718637235,0.5691750000000001,0.040990174127466195,0.5049,0.041967725694871776,0.506325,0.03343829204669402,0.4848,0.0452538396161033,0.471875,0.04006506427050879,0.45775,0.04293876453742003,0.4703000000000001,0.053534194679662465,0.44357500000000005,0.0509798428302795,0.45575,0.061028169725135945,0.43587499999999996,0.047433209621529936,0.43710000000000004,0.0538450554833032,0.41567500000000007,0.04157546602264369,0.4200749999999999,0.03817419776498256,0.408075,0.04215648674877924,0.4027,0.06514952033591652
125.0,0.7174250000000001,0.03706810455094784,0.69715,0.0341603205488473,0.6380750000000001,0.02681733348041898,0.621275,0.03246073589738842,0.5963,0.03638488697247801,0.5695,0.041629917126989324,0.525275,0.04209690457741518,0.52995,0.03973848889930265,0.473075,0.033006353555035436,0.473475,0.037087725395338014,0.46222499999999994,0.05486186630985133,0.45935000000000004,0.04606818316365429,0.4476750000000001,0.05135921898744177,0.43302499999999994,0.04075689358869246,0.42380000000000007,0.053136239987413486,0.415775,0.048403764058180435,0.42372499999999996,0.045512628741921725,0.41905000000000003,0.044333367794472826,0.403725,0.03399999080882229,0.41345,0.047803216418981685
129.0,0.688175,0.034347407107378554,0.7029,0.02843307932672786,0.635775,0.03356894956652653,0.611575,0.049584214978156106,0.5898999999999999,0.041324810949355834,0.543825,0.03996241202680338,0.48514999999999997,0.02908139439573007,0.5139250000000001,0.04049962191181543,0.4603499999999999,0.04323398547439272,0.47325,0.03834367614092316,0.4707,0.04710689970694315,0.458225,0.04893898624818458,0.44029999999999997,0.060951702191161174,0.43562500000000004,0.06439397778519354,0.4393000000000001,0.044785153790067526,0.43072499999999997,0.0635983441215257,0.41515,0.053635599185615515,0.41269999999999996,0.051436465663962566,0.4171,0.04036570326403344,0.40085,0.057146106604037336
133.0,0.67345,0.022211427239148755,0.6990000000000001,0.03506493975468943,0.635675,0.027028121928835545,0.600225,0.04648305470814069,0.5476000000000001,0.03156960563580102,0.538375,0.03832733195775567,0.47442499999999993,0.02598738876840072,0.512325,0.0474269899424368,0.46434999999999993,0.03281733535800858,0.45437500000000003,0.044063980471582456,0.47014999999999996,0.05286565520259822,0.46892500000000004,0.051989608336666666,0.44355,0.06537964132663929,0.43150000000000005,0.060841186707690044,0.42195,0.033964650741616635,0.429575,0.05119564800840009,0.42032500000000006,0.04510841800595538,0.41747500000000004,0.0471592978637299,0.40380000000000005,0.04699797867993899,0.409,0.05259610251720179
137.0,0.662475,0.02882792699796501,0.6644249999999999,0.03660661654673919,0.631525,0.041893309430027136,0.619275,0.031239388198234637,0.5562,0.027621730575762254,0.5367750000000001,0.03862284783648144,0.47835,0.03819001832940121,0.506175,0.044665359900038865,0.46427499999999994,0.035163893058078766,0.466525,0.043408517309394476,0.45257500000000006,0.03360125555689847,0.44902499999999995,0.06284683265686505,0.439325,0.06335944582301836,0.4474,0.04466866910934329,0.42645,0.038468786047911624,0.43107500000000004,0.057377429142477274,0.43267500000000003,0.05644527770327647,0.41652500000000003,0.046095003796507064,0.408575,0.03753457572692144,0.400225,0.04586801036670328
141.0,0.62805,0.024517289817596093,0.696275,0.02601921165216193,0.6718500000000001,0.038695962321668644,0.5991,0.03970755595601422,0.5958249999999999,0.037853591309147935,0.56355,0.03586568694448775,0.52815,0.04282204455651318,0.508575,0.033335332231732746,0.48362499999999997,0.039368570903704395,0.46329999999999993,0.03783133621747982,0.47087500000000004,0.058644346487960804,0.4429499999999999,0.047182067568092005,0.441,0.054254492901510014,0.44102499999999994,0.042882098537734836,0.43237499999999995,0.04403844201376793,0.42612500000000003,0.052416212902116455,0.42297499999999993,0.0664053791119364,0.405525,0.047258325986010125,0.41185,0.04689219018130845,0.4001,0.042545740092281854
144.0,0.6849999999999999,0.052159850459908334,0.6301,0.03859391143690933,0.615125,0.024405109608440622,0.606425,0.03264037951678872,0.531925,0.041376555861985416,0.554025,0.04187450745978989,0.516525,0.03500784733456201,0.4957249999999999,0.03518166248203744,0.4745749999999999,0.04643160965333853,0.4742,0.049192072532065576,0.45847499999999997,0.041059705003811224,0.449075,0.05379423180044493,0.43855000000000005,0.04789882566410163,0.4391,0.03203185914054943,0.43804999999999994,0.05529599895109953,0.438075,0.0622918082495604,0.415025,0.05690276245491075,0.404225,0.04260016872032316,0.398575,0.04713167061541528,0.407475,0.046219577832342866
148.0,0.71965,0.01866889123649286,0.6065999999999999,0.0252218159536541,0.575,0.04224215903573111,0.62285,0.027789881251995326,0.540425,0.0282275463864644,0.5488999999999999,0.03996423400992442,0.513375,0.03369249731023215,0.464025,0.029579120592066285,0.46142500000000003,0.03559345972225797,0.44952500000000006,0.04241755974829293,0.46542500000000003,0.05932785496712316,0.44589999999999996,0.05023634142729743,0.44337499999999996,0.04758764939561525,0.44152500000000006,0.04611886138013384,0.42679999999999996,0.04549736256092215,0.4212249999999999,0.045307001390513586,0.42742499999999994,0.04592106678856667,0.40532500000000005,0.04840112989383615,0.41167499999999996,0.04794183324613275,0.38235,0.038677221978834005
152.0,0.680075,0.046228988470439186,0.6003499999999999,0.03406578195198226,0.5996,0.057568133546259774,0.5529249999999999,0.034655005049775985,0.5560499999999999,0.04040912644440609,0.517375,0.033315677615801245,0.49444999999999995,0.04055240436768209,0.487675,0.04159049621007185,0.476525,0.04882928808614764,0.456625,0.03969237174823395,0.4648,0.046436623477595786,0.43882500000000013,0.05417881850871244,0.43645000000000006,0.05573506526415844,0.44807500000000006,0.0463003172235353,0.44022500000000003,0.050500241336057,0.417225,0.04075628019091046,0.42692499999999994,0.04481762348674905,0.39794999999999997,0.03980888719871481,0.38055,0.05050839039209228,0.39405,0.04689720140903932
156.0,0.6470750000000001,0.038911686869114274,0.6176,0.02555660384323396,0.5641499999999999,0.03897406188736298,0.534025,0.03563740135026683,0.5242,0.03747946104201608,0.511,0.0336518944489014,0.48819999999999997,0.029739872225683826,0.49187499999999995,0.03938031710131344,0.46142500000000003,0.0353276715196459,0.45092499999999996,0.04550021291158976,0.4407249999999999,0.051690418599581886,0.448925,0.05093151651973462,0.45185000000000003,0.04369413576213632,0.44184999999999997,0.04227975283749895,0.42944999999999994,0.05376241717036168,0.4272500000000001,0.037922783389408535,0.429575,0.03992360673836973,0.40337499999999993,0.061935324129288295,0.403775,0.0574397456035453,0.40045000000000003,0.04956911841055881
159.0,0.6439250000000001,0.03532590232393223,0.615775,0.032253284716444015,0.6407499999999999,0.03166208300159674,0.57865,0.03016914814839821,0.559075,0.031504275503493155,0.5090749999999999,0.02866913627928125,0.47309999999999997,0.03604081020176988,0.486425,0.03767816841355217,0.48179999999999995,0.04693676597295557,0.46285,0.03983186538438791,0.446525,0.040825841999890214,0.45685000000000003,0.046096935906847436,0.448175,0.045656263261462826,0.431825,0.04678241523264911,0.42832499999999996,0.04988756733896734,0.41727499999999995,0.048259707572673914,0.40765,0.05129451725087195,0.40545,0.04783510740031844,0.4119,0.04343259144927919,0.4125249999999999,0.04435255770527783
163.0,0.6591750000000001,0.03740313322437038,0.6072,0.023906275326783976,0.6425500000000001,0.03442234012963095,0.539275,0.03337138557207356,0.5306,0.032042003682666284,0.518575,0.03306197778415563,0.4800000000000001,0.03296892476256998,0.48255,0.04457575013390128,0.47115,0.04962889783180763,0.47575,0.03960855336919035,0.45225,0.03929742357966995,0.452175,0.045068219123901486,0.44432499999999997,0.039405194771755664,0.4331250000000001,0.04329444970201146,0.421425,0.05256276605164534,0.4284,0.053654356766249654,0.407125,0.04704847898710437,0.40990000000000004,0.04814083505715289,0.39342499999999997,0.043590645498776455,0.38237499999999996,0.04696471414796432
167.0,0.6494500000000001,0.020051122163110977,0.604175,0.04008359234150553,0.634525,0.03993619129311156,0.5776999999999999,0.04238525687075636,0.530025,0.04000217962811526,0.5208,0.031102411482070012,0.492075,0.030180612568335992,0.48012499999999997,0.0345110036799859,0.47915,0.04353191358072834,0.4869,0.05973558403497869,0.450725,0.03572533239873354,0.4431,0.05079458632570995,0.464375,0.05426126035211494,0.45465,0.04443284258293634,0.43335,0.05823682254381673,0.42040000000000005,0.05473655085954906,0.43010000000000004,0.04482398911297387,0.40205,0.03776172003497722,0.392725,0.05276882957769671,0.39205,0.04352984608288892
171.0,0.655325,0.0392175901222908,0.630175,0.028747075938258492,0.546775,0.0252016740515387,0.5808500000000001,0.032835613288013966,0.5245,0.03148412298286232,0.498425,0.03823799648255646,0.48077500000000006,0.02946055625747755,0.4716,0.027545235522681597,0.47555000000000003,0.052418961264031165,0.469275,0.05404164482137827,0.452925,0.04032703032706474,0.473475,0.05202979314777256,0.44015000000000004,0.05855448317592771,0.44770000000000004,0.05322320922304479,0.4186500000000001,0.03850230512579734,0.42997500000000005,0.044036625381607075,0.41587499999999994,0.05932966690450908,0.414325,0.04342256757724029,0.4145,0.04792181131802094,0.391125,0.05049712244276895
175.0,0.6131,0.028209750087514085,0.6315250000000001,0.04229242692255908,0.541625,0.029034193203876003,0.57765,0.04560074012557252,0.537975,0.031051962498367145,0.521725,0.04007991236267864,0.47437500000000005,0.029111584893303215,0.48237500000000005,0.040760696448907736,0.47745,0.04895301318611552,0.45115,0.04513288712236344,0.452125,0.050745535517915275,0.458325,0.05904971951669204,0.439175,0.050490042335098115,0.433625,0.048661425944992606,0.430525,0.03007240221532028,0.4178,0.03783794391877022,0.41624999999999995,0.049450353891554714,0.40024999999999994,0.05998072607096383,0.41565,0.04675550769695481,0.38842499999999996,0.05015769507264065
178.0,0.614025,0.019210007157729032,0.6509,0.03165343583246534,0.5349250000000001,0.028788354850529402,0.568825,0.030368476665779583,0.538975,0.028482000895302277,0.520425,0.036432737681925585,0.48705,0.03534469550017372,0.47119999999999995,0.03077921376513702,0.47004999999999997,0.030421990401681476,0.46035000000000004,0.032111952603353165,0.447175,0.04428198702632934,0.44122500000000003,0.045049132899535375,0.43942499999999995,0.04235261945854117,0.450275,0.05221397681655746,0.43450000000000005,0.03298105516808097,0.42437500000000006,0.04958209732352999,0.4176,0.05598785582606286,0.4132249999999999,0.04664573265583895,0.3871,0.04430056433049132,0.40345,0.04682678186679072
182.0,0.62435,0.025639374017319548,0.64515,0.03124143882730116,0.5397000000000001,0.02689907061591533,0.57465,0.020784068417901227,0.53115,0.02804509761081248,0.521325,0.03146536786691045,0.495675,0.03798709484811916,0.46697500000000003,0.03051842681069914,0.46637500000000004,0.027117971439619148,0.44559999999999994,0.04482677771154202,0.44405,0.03113193697796525,0.46485000000000004,0.05009318815966897,0.43937499999999996,0.05168543677865168,0.431775,0.04490183041926019,0.425625,0.05066344219454497,0.41992499999999994,0.04981886565348513,0.4085,0.05281524401155409,0.403825,0.05617512238526944,0.40549999999999997,0.04842210239136669,0.391825,0.05175030797009811
186.0,0.6538999999999999,0.03052769234645815,0.645225,0.027393874771561626,0.5414,0.030407071545941404,0.578825,0.027359539012929274,0.51845,0.03082689572435084,0.5164500000000001,0.03867230921473399,0.49437499999999995,0.051742964497601025,0.45767500000000005,0.036498210572574644,0.466325,0.04666979081804418,0.46464999999999995,0.04330909257881075,0.45230000000000004,0.043691074603401554,0.443175,0.05108125267649571,0.46052499999999996,0.05434518722941342,0.4603,0.05731675147808012,0.43672500000000003,0.053515879652678795,0.4213,0.03947100201413691,0.402675,0.047248485425461,0.40737500000000004,0.05739280769399595,0.40342500000000003,0.04077431023328291,0.39580000000000004,0.05135961448453444
190.0,0.602975,0.026881673590012964,0.63435,0.035995520554646804,0.535325,0.03392446572902807,0.5709500000000001,0.02635237180976314,0.51015,0.02755408318198958,0.51625,0.034082070066238646,0.4897,0.04260234735316823,0.47905,0.044525245647834444,0.47937499999999994,0.026466665354743884,0.46690000000000004,0.039820723248077755,0.45475000000000004,0.04462832620656976,0.451675,0.05364531083887947,0.459075,0.04155020306809582,0.4271750000000001,0.03403592770881969,0.432425,0.06064111126125576,0.4245,0.034957831740541345,0.407625,0.049373417696165225,0.40614999999999996,0.04046390366734282,0.407125,0.06157645146482542,0.385425,0.04326366113726391
194.0,0.6158250000000001,0.03199522425300378,0.6278750000000001,0.035421877067710585,0.531625,0.02900404066677606,0.57555,0.03183311954552993,0.502525,0.03122898293252601,0.49647500000000006,0.03182922202944961,0.4931,0.03600819351203279,0.47535000000000005,0.02559448182714391,0.468125,0.04157474443697761,0.46615,0.04762801171579598,0.47680000000000006,0.044726502210658055,0.45495,0.043443612879225414,0.44432499999999997,0.031098542972300164,0.432725,0.050823216889527956,0.41832499999999995,0.05730898162591968,0.4189,0.058977029426718335,0.41150000000000003,0.047571525096427175,0.405225,0.04927701670150092,0.393375,0.041108811403396235,0.386625,0.05337119424371165
197.0,0.6667500000000001,0.023013854522873814,0.62695,0.030279489757920306,0.547275,0.024757814422925125,0.576525,0.033431263437088334,0.5256000000000001,0.03193806506349438,0.49325,0.028825986539926088,0.47635000000000005,0.031477412536611085,0.47642500000000004,0.05085316484743109,0.47195,0.03944676792843744,0.45365,0.04594755162138675,0.46715,0.03521828360383283,0.43895,0.061732467146551014,0.4287500000000001,0.05541829571540431,0.428775,0.047629028700992844,0.42927499999999996,0.050107378448687574,0.435725,0.04999849372731142,0.424425,0.0463318937126468,0.38882500000000003,0.047560954311283536,0.390775,0.04802056200212571,0.387775,0.046665558766610736
201.0,0.660025,0.022879562386549264,0.579375,0.03946497656150324,0.5391250000000001,0.03156516077893473,0.52175,0.033546050438166344,0.5324,0.029443844857626862,0.49887499999999996,0.028326831361802557,0.495425,0.037192665607616776,0.47870000000000007,0.03399720576753331,0.45862500000000006,0.052259777793251284,0.458775,0.035637401350266835,0.44895000000000007,0.05240035782320575,0.4579000000000001,0.04919390206112948,0.44345,0.05962212257207889,0.43187499999999995,0.04444107756344349,0.43375,0.06167890644296477,0.40754999999999997,0.04219179422589184,0.41015000000000007,0.046305804171831416,0.402575,0.04513252014900121,0.397525,0.03873369818388118,0.38455,0.04635943808977844
205.0,0.584225,0.028588011036096924,0.5975250000000001,0.04252763072403635,0.5946,0.041534202773136256,0.546625,0.027931780734496668,0.520575,0.02806767491261078,0.4866750000000001,0.03479395601250309,0.493275,0.029306985088882832,0.476325,0.03042810173178735,0.46620000000000006,0.04056550258532489,0.45899999999999996,0.04501999555752977,0.45149999999999996,0.034772834224434446,0.44915000000000005,0.043691274872679105,0.4368,0.043172444915709846,0.4394,0.055663632651849086,0.42902500000000005,0.03572708181478023,0.41187500000000005,0.04831262128057222,0.4034,0.04206887210277927,0.41,0.046598283230179206,0.397375,0.046704757519978636,0.397675,0.06089432958001919
209.0,0.574025,0.025838428261022367,0.6186499999999999,0.03221765820167569,0.59375,0.03777879696337617,0.52115,0.03110349658800438,0.5067250000000001,0.029763221851809,0.48365,0.028047771747502517,0.48825,0.04401292423822802,0.481275,0.02998415206404877,0.464325,0.03926473449547316,0.4619249999999999,0.05005366495073063,0.44937499999999997,0.04210266470189269,0.4567,0.04214332687389547,0.41814999999999997,0.05274161070729638,0.44055,0.03730546206656607,0.4248,0.0445152782761155,0.42627500000000007,0.05136389174313021,0.404775,0.04093011574623263,0.38625,0.04022794426763565,0.41167499999999996,0.039955217118669235,0.395,0.0526716242392429
212.0,0.56655,0.022297925912514803,0.5966250000000001,0.038921515579432416,0.5227499999999999,0.025411365567399164,0.511975,0.02867619875436772,0.505825,0.029503294307585384,0.5000500000000001,0.0371119589889836,0.49675000000000014,0.0324543910742445,0.47935,0.04773811370383208,0.467375,0.05100817949113652,0.47219999999999995,0.04907198793609243,0.4561,0.03789313922070855,0.4586,0.04743458653767312,0.43624999999999997,0.06592486253303832,0.44087499999999996,0.04805527416423716,0.4368,0.05438988876620359,0.40005000000000007,0.06563762259558158,0.41805000000000003,0.046621320230126474,0.392225,0.04525952247870055,0.40907499999999997,0.051011953256075195,0.3821,0.04746567180605369
216.0,0.5618749999999999,0.038080958168092344,0.618025,0.02642109715738544,0.55955,0.049315793616244274,0.49850000000000005,0.020400980368599945,0.49987499999999996,0.026029010257787383,0.48927499999999996,0.027294676678795815,0.48612500000000003,0.03569606946149675,0.47000000000000003,0.028947366028708038,0.460325,0.04015556468286806,0.452975,0.03559879738137231,0.43305,0.055025880274648956,0.44565,0.035967728591057846,0.4332750000000001,0.058101199428239,0.43309999999999993,0.04100048780197621,0.41847500000000004,0.04403236735629826,0.42040000000000005,0.04837189266505912,0.40915,0.04385347762720763,0.40782500000000005,0.056868219376027596,0.394125,0.0474890447892985,0.389975,0.05238152703959669
220.0,0.552175,0.022550928473124978,0.6013,0.04564548170410737,0.594275,0.03237745164462453,0.525425,0.03170874287952773,0.535425,0.029977397735627413,0.5095000000000001,0.030456526394190137,0.48377499999999996,0.03188219526632382,0.47140000000000004,0.036853629400643836,0.476325,0.03702457798544096,0.4558999999999999,0.03737833597152233,0.42982499999999996,0.0504558656154069,0.45280000000000004,0.04156512961606159,0.42684999999999995,0.04990418319139188,0.43105000000000004,0.04405278084298425,0.42325,0.03492259297360377,0.416025,0.05152450266620726,0.405875,0.05816837091581644,0.39922500000000005,0.05311002141780776,0.394775,0.056103693060261195,0.386675,0.04876699062890799
224.0,0.6008,0.043519076276961575,0.55975,0.028773903106808413,0.5860749999999999,0.02595321511874781,0.54375,0.031628112495057294,0.5082000000000001,0.0284211189083048,0.5078750000000001,0.03013900089584923,0.49175,0.03515803606574179,0.47590000000000005,0.03597832680934455,0.47445000000000004,0.032485342848737185,0.45112500000000005,0.045687628248794,0.46114999999999995,0.046712712402514164,0.43859999999999993,0.04676900683144769,0.43862500000000004,0.041789763997897855,0.43587500000000007,0.03798893753449813,0.417175,0.041274621439814564,0.39459999999999995,0.0596593664062903,0.41335,0.03814613348689484,0.4121,0.04204509483875616,0.3996,0.041995118763970656,0.38835000000000003,0.05461892986868198
228.0,0.6146499999999999,0.03634043890764117,0.549675,0.02788762046141619,0.590275,0.028447308747929036,0.5463749999999999,0.025552580593748236,0.51815,0.027559526483595477,0.489175,0.03605474136642781,0.49305000000000004,0.03517452913686267,0.470125,0.04153684358494276,0.46620000000000006,0.035386579376933285,0.4584,0.03492191289147833,0.45165,0.061336999437533624,0.424275,0.057781046849291334,0.4519,0.03871872931799286,0.4361,0.05294091045684802,0.417,0.038116925374431766,0.42325,0.04325606893835823,0.408275,0.04199344442886295,0.396825,0.03853108323159369,0.402675,0.04958093761719316,0.40307499999999996,0.055598285719975216
231.0,0.5784499999999999,0.04758673659750161,0.543775,0.027964698728933222,0.575575,0.028670444276292596,0.5230500000000001,0.036768158779030544,0.5018,0.029879926372064578,0.4856,0.03295739674185448,0.47404999999999997,0.03627392314046001,0.48919999999999997,0.04288193092667354,0.464025,0.028189969404027383,0.453375,0.036137714025654695,0.462325,0.051671262564408085,0.451025,0.035962819341647835,0.44329999999999997,0.05287494680848389,0.433225,0.03959513069810479,0.41875,0.04198854010322341,0.416025,0.06169946819057681,0.410525,0.06091058508174093,0.3926,0.04055601065193666,0.392875,0.030040961619096012,0.3813,0.054000092592513205
235.0,0.548875,0.02979864720083781,0.55725,0.028444463433153364,0.5178499999999999,0.038237775824438325,0.49842499999999995,0.02403215294142413,0.48987499999999995,0.028343594955474512,0.4886000000000001,0.03273438559069041,0.49217500000000003,0.030174399331221166,0.47662499999999997,0.029045384745256867,0.46585,0.03554613199772938,0.4548,0.04435493208201316,0.45085,0.04579658830087674,0.439325,0.03186486113260185,0.43722500000000003,0.0441069651529098,0.42460000000000003,0.05021244865568696,0.41937499999999994,0.04155820466526435,0.40387500000000004,0.05847956373811282,0.4063,0.037239226629993266,0.3867,0.04540936026856138,0.39627500000000004,0.04351033641561508,0.39164999999999994,0.043898490862443094
239.0,0.607775,0.04761327939766384,0.549,0.02696664606509306,0.543225,0.04389446861507722,0.49552499999999994,0.03034302844147236,0.4894,0.02677573528402162,0.48739999999999994,0.026600563903797236,0.471875,0.03389335296190095,0.48522499999999996,0.036125813139637426,0.46115000000000006,0.03152978750324842,0.457325,0.034716989716851894,0.4609249999999999,0.04600021059734401,0.4438,0.04395747945458202,0.429825,0.03991045445744762,0.4337249999999999,0.05668332536998866,0.416975,0.04274253589809571,0.42852500000000004,0.04344938866083158,0.402325,0.051081497384082235,0.392,0.05555222767810486,0.39525,0.04630267270903484,0.3835,0.058581567066783045
243.0,0.554725,0.035373710223837125,0.571875,0.029617720624653055,0.55125,0.03821305405224763,0.49837500000000007,0.02789147495203509,0.4917999999999999,0.03485412457658348,0.48699999999999993,0.028666182166448333,0.485775,0.04569435824037799,0.478075,0.03440449643578584,0.46407500000000007,0.029601847493019758,0.4588,0.03478735402412779,0.4643,0.0466937897369661,0.44485,0.0359976040869389,0.43745,0.05749997826086546,0.4226,0.04268418911025487,0.42374999999999996,0.05506257803626706,0.412775,0.04991867761669975,0.403125,0.05377647603739018,0.39494999999999997,0.05633291666512573,0.39879999999999993,0.03453273809010806,0.376525,0.05475901181540807
247.0,0.5586500000000001,0.028843153433700672,0.559075,0.039229062887099396,0.5714,0.03094575899860914,0.510025,0.028457413357506706,0.49485,0.025907093623175878,0.4916250000000001,0.024276210062528305,0.47932500000000006,0.03334170624008316,0.46797500000000003,0.03756227329382502,0.47452500000000003,0.03801248972377369,0.458325,0.038833225142910814,0.45149999999999996,0.04181148167668781,0.45137499999999997,0.042010526954562234,0.43812500000000004,0.04801519941643479,0.427275,0.033376629173719745,0.42145,0.04123830137141927,0.40997500000000003,0.0470667013396945,0.4171250000000001,0.046635387582821694,0.395025,0.0368649477824125,0.3971,0.03942131403187874,0.37755,0.05609587774516057
250.0,0.5708249999999999,0.030667480741006413,0.5470499999999999,0.023862051462520968,0.57295,0.0331609333403027,0.49005,0.02282756009739105,0.48789999999999994,0.026617475462560308,0.4861750000000001,0.034035193182939336,0.480425,0.03301506285015978,0.482025,0.04292754797330032,0.46547499999999997,0.03686867742406826,0.45385,0.039416081743369684,0.45465,0.045208710443895656,0.45495,0.059220752274857166,0.440175,0.04037256958629214,0.43979999999999997,0.04107627052204229,0.4122,0.04103425398371463,0.4044499999999999,0.03748863161012949,0.40404999999999996,0.05427059516902317,0.39275000000000004,0.04559810851340219,0.38689999999999997,0.04626597021569957,0.38120000000000004,0.05863838333378573
254.0,0.558975,0.039344305496475586,0.549925,0.02670991154983481,0.57335,0.02591867087641646,0.498625,0.022731792164279535,0.512025,0.02851270550123227,0.49085,0.024985545821534505,0.48650000000000004,0.03672533185690771,0.4791,0.039445405309110476,0.4589499999999999,0.03197964196172309,0.4552250000000001,0.04061864565689014,0.46180000000000004,0.054191881310764634,0.43912499999999993,0.03729489743919401,0.43309999999999993,0.03885086871615614,0.417675,0.05545015216390303,0.4162,0.036153284774692325,0.405025,0.05328624939888339,0.40305,0.04132490169377297,0.40380000000000005,0.046706102385020314,0.39480000000000004,0.04521128177789256,0.38482500000000003,0.05917638359176742
258.0,0.53425,0.02957765203663063,0.550925,0.032781387630788285,0.5640000000000001,0.029431275881279747,0.49005,0.021700172810371815,0.4965,0.030888509190312184,0.48632500000000006,0.027422971666105043,0.47509999999999997,0.04437048568587007,0.463425,0.03155779420365118,0.46505,0.03883294348874419,0.46547499999999997,0.040102361214771384,0.452825,0.04255754192854658,0.46270000000000006,0.04788329562592784,0.457775,0.04802056200212571,0.43220000000000003,0.03729490581835541,0.426525,0.03589567348581163,0.40359999999999996,0.04070122848268833,0.41012499999999996,0.05002408794770775,0.40570000000000006,0.048650385404434365,0.380025,0.043373083531148666,0.394925,0.046782682426299585
262.0,0.5697,0.026628180561202426,0.541,0.020271901736147003,0.53975,0.03503694478689601,0.5062249999999999,0.02583939579401966,0.481025,0.03112674693892699,0.4860749999999999,0.03617415341096458,0.47859999999999997,0.029169161798035952,0.47017500000000007,0.032907360498830654,0.46799999999999997,0.032463055925158996,0.45945,0.04193921196207673,0.45512499999999995,0.05476138580240643,0.44139999999999996,0.049519592082326376,0.438125,0.053688074793197794,0.425225,0.050728437537539035,0.4250999999999999,0.04576614469233781,0.40712500000000007,0.042762827023011464,0.4112,0.049521308544908216,0.39655,0.05737680280392068,0.39925000000000005,0.048841452681098664,0.37145,0.04339812783980433
265.0,0.5687749999999999,0.039063081995664384,0.5456,0.028698257786841336,0.5069250000000001,0.023256598526009784,0.50395,0.02362831987255971,0.49505,0.029659694873683383,0.49202499999999993,0.02692627666425495,0.473625,0.027180588201876722,0.47552500000000003,0.03351416678063174,0.46217499999999995,0.030057351430224193,0.45085,0.04832522633159622,0.4532499999999999,0.054866086975471476,0.4438000000000001,0.03923149245185556,0.42540000000000006,0.04544491170637259,0.4372,0.0363945050797507,0.410825,0.0425487294169873,0.4045500000000001,0.04911361827436459,0.402125,0.04023070189544299,0.390625,0.054121016019657284,0.3978,0.03482972868111379,0.38035,0.05412880471615829
269.0,0.5335,0.022694713040706204,0.5488500000000001,0.02625980769160352,0.5132,0.026256618213319097,0.4952500000000001,0.025350295856261727,0.5025999999999999,0.027467071194432067,0.49582499999999996,0.03100152214004984,0.479425,0.03264344306288785,0.46515000000000006,0.029245127799344624,0.47077500000000005,0.04409732843381785,0.45722500000000005,0.04217314755860654,0.442075,0.0484965913750647,0.4351749999999999,0.04290156611360476,0.42745,0.04691478977891727,0.4294500000000001,0.03320839502294563,0.43172499999999997,0.054047195810698626,0.42475000000000007,0.05627821514582708,0.39685,0.04575999890734265,0.392025,0.04781343299743284,0.39005,0.04675090908207027,0.379425,0.05021647513515858
273.0,0.52495,0.02504590784938729,0.546,0.027262611760431158,0.508225,0.02808957769351473,0.49952500000000005,0.024215684483408686,0.49384999999999996,0.026417371178828534,0.4876250000000001,0.03655727526772203,0.4827,0.027917019898262785,0.47657499999999997,0.043320253634991576,0.46825,0.02737768251696991,0.47295,0.04678886085383998,0.44552499999999995,0.03872401548135214,0.4440999999999999,0.047031266196010516,0.43324999999999997,0.048574556096787964,0.42669999999999997,0.05157625422614559,0.42055,0.049624061703975826,0.41442499999999993,0.06826048912072048,0.418575,0.054536174920872475,0.388175,0.04977343041221893,0.398175,0.04082761779727051,0.389025,0.042283854779336286
277.0,0.556025,0.033027630478131474,0.52875,0.021419325386202066,0.53915,0.04109230463237612,0.49085,0.024531153662231225,0.5104,0.030348640826238008,0.4824,0.03749586643884897,0.48555000000000004,0.03487689062975655,0.47614999999999996,0.03240181322086775,0.46375,0.03660379078729415,0.46505,0.04559273516691009,0.439225,0.050548732674519155,0.442825,0.05215452401278339,0.44435,0.04565553088071586,0.42965,0.04784848482449575,0.43185,0.04307525391683721,0.41690000000000005,0.07262120902325987,0.417425,0.05487617310818967,0.38754999999999995,0.036005520410070456,0.38249999999999995,0.05227379840799786,0.38265000000000005,0.05049631174650283
281.0,0.5734999999999999,0.026343879744638962,0.52985,0.022350111856543353,0.510825,0.03442156845641988,0.5000500000000001,0.019567766862879383,0.50315,0.03256267034504388,0.4969,0.02766929706371306,0.48319999999999996,0.031104822777183606,0.46434999999999993,0.03962104869889236,0.47024999999999995,0.030860776075789152,0.45017499999999994,0.043569420182049706,0.45117499999999994,0.04759510872978441,0.428925,0.04996368055898204,0.445125,0.03992817770697781,0.43672500000000003,0.04470401967385036,0.41335,0.05833975916988345,0.4070250000000001,0.052968616887738344,0.41165,0.051871740861474856,0.3942,0.04204771099596267,0.40012500000000006,0.036606138487964006,0.376075,0.04134996221280015
284.0,0.5503250000000001,0.03376713453937125,0.530275,0.025401759289466547,0.5203,0.03177908116985134,0.5095750000000001,0.019556185082985907,0.5073000000000001,0.025284580281270258,0.4851,0.028608390377649704,0.48539999999999994,0.03175515706149161,0.4670500000000001,0.034203033491197826,0.462025,0.03351901512574616,0.46762499999999996,0.04123450466538916,0.451075,0.04296416384616371,0.4312250000000001,0.04319345291823751,0.43405000000000005,0.0356145686482372,0.43745,0.047768687442717124,0.415575,0.042516989251356926,0.404975,0.04675173125136651,0.40679999999999994,0.05397879213172521,0.39944999999999997,0.03908832946033892,0.38970000000000005,0.03793428528389589,0.372875,0.04756847038743205
288.0,0.5231750000000001,0.02269238583754473,0.53775,0.020624924242285105,0.49609999999999993,0.023488082084325245,0.506475,0.025959571934067033,0.491125,0.028623580750842478,0.48085000000000006,0.03851593825937518,0.46942500000000004,0.02949566705467093,0.46855,0.03106682313980624,0.4675750000000001,0.03431245218575904,0.46347499999999997,0.04973629836447421,0.45169999999999993,0.05547711239781681,0.45982500000000004,0.05162697332790293,0.44145,0.03797430052022025,0.425375,0.06466323820378933,0.413,0.043761855536528615,0.40675,0.041796381422319326,0.40090000000000003,0.04764178837953084,0.40037500000000004,0.053851967234261736,0.38695,0.060579266255048024,0.390775,0.039265434863248364
292.0,0.5178499999999999,0.022288506006459936,0.5299250000000001,0.025289708875350862,0.520925,0.03375528662298693,0.495625,0.025059616417654924,0.49007500000000004,0.029739189212216268,0.482425,0.028441068457426142,0.47857500000000003,0.03364809615713793,0.473375,0.03758502860182496,0.46385000000000004,0.03226263318453719,0.458725,0.03859662388085259,0.45912500000000006,0.06062969054019657,0.4327,0.053576674028909255,0.43672500000000003,0.04092675622377127,0.4282,0.050575784719567134,0.4154999999999999,0.05397267827336346,0.401525,0.05649291437870771,0.39935,0.04728348020186332,0.386325,0.04112990852165854,0.396525,0.05089891329881219,0.38439999999999996,0.05316756530066052
296.0,0.530875,0.029380425030962363,0.55135,0.03501753132360988,0.5369,0.022113118278524174,0.49317500000000003,0.02514347579393112,0.48912500000000003,0.024489985198035556,0.47995,0.030963648040888213,0.473775,0.03091802669964563,0.46875,0.038190803866899686,0.46527499999999994,0.03342079255493501,0.47037499999999993,0.05147022804495818,0.44939999999999997,0.05024977611890426,0.43657500000000005,0.0422835000325186,0.43025,0.04087220938486198,0.41987500000000005,0.057527900839505694,0.43394999999999995,0.06898584999838735,0.4168,0.059224234904302474,0.4104000000000001,0.05342087606919228,0.38575,0.04475083798098087,0.38320000000000004,0.04557532226984248,0.38605,0.04758568587295974
300.0,0.5133750000000001,0.022088104830428543,0.5742749999999999,0.03592978395426279,0.5498999999999999,0.026791603162184954,0.502425,0.027915844515256936,0.4923,0.02438360104660508,0.4976750000000001,0.02925353611104135,0.48045,0.031747401468466684,0.46852499999999997,0.034633789498118746,0.4624,0.048773353380713945,0.47204999999999997,0.04107672698743171,0.44485,0.0451976492751559,0.45325,0.04741505562582417,0.42495000000000005,0.03951135912620572,0.42945,0.045833912117557676,0.428425,0.056639159377589635,0.4152,0.0409690126803173,0.38537499999999997,0.04764750124613042,0.38079999999999997,0.04081188552370498,0.392575,0.046519290353572676,0.40387500000000004,0.04775258500856263
